,Longitude (x),Latitude (y),Station Name,Climate ID,Date/Time,Day_of_Year,Year,Day,Max Temp (°C),Min Temp (°C),Mean Temp (°C),Heat Deg Days (°C),Cool Deg Days (°C),Total Rain (mm),Total Snow (cm),Total Precip (mm)
0,-114.01,51.12,CALGARY INTL A,3031092,2020-01-01,1,2020,1,3.0,-3.5,-0.3,18.3,0.0,0.0,0.0,0.0
1,-114.01,51.12,CALGARY INTL A,3031092,2020-01-02,2,2020,2,3.8,-9.7,-3.0,21.0,0.0,0.0,2.0,1.8
2,-114.01,51.12,CALGARY INTL A,3031092,2020-01-03,3,2020,3,-3.4433333333333334,-13.65333333333333,-8.56,26.56,0.0,0.0,0.13,0.1
3,-114.01,51.12,CALGARY INTL A,3031092,2020-01-04,4,2020,4,9.1,-3.6,2.8,15.2,0.0,0.0,1.0,0.5
4,-114.01,51.12,CALGARY INTL A,3031092,2020-01-05,5,2020,5,3.9,-11.6,-3.9,21.9,0.0,0.0,0.0,0.0
5,-114.01,51.12,CALGARY INTL A,3031092,2020-01-06,6,2020,6,0.4,-8.7,-4.2,22.2,0.0,0.0,0.0,0.0
6,-114.01,51.12,CALGARY INTL A,3031092,2020-01-07,7,2020,7,-6.4,-12.2,-9.3,27.3,0.0,0.0,0.0,0.0
7,-114.01,51.12,CALGARY INTL A,3031092,2020-01-08,8,2020,8,-7.2,-14.2,-10.7,28.7,0.0,0.0,0.0,0.0
8,-114.01,51.12,CALGARY INTL A,3031092,2020-01-09,9,2020,9,-13.4,-18.0,-15.7,33.7,0.0,0.0,0.2,0.2
9,-114.01,51.12,CALGARY INTL A,3031092,2020-01-10,10,2020,10,-6.7,-20.4,-13.6,31.6,0.0,0.0,0.0,0.0
10,-114.01,51.12,CALGARY INTL A,3031092,2020-01-11,11,2020,11,-10.4,-20.1,-15.3,33.3,0.0,0.0,0.0,0.0
11,-114.01,51.12,CALGARY INTL A,3031092,2020-01-12,12,2020,12,-19.8,-25.2,-22.5,40.5,0.0,0.0,0.2,0.2
12,-114.01,51.12,CALGARY INTL A,3031092,2020-01-13,13,2020,13,-25.0,-30.1,-27.6,45.6,0.0,0.0,0.0,0.0
13,-114.01,51.12,CALGARY INTL A,3031092,2020-01-14,14,2020,14,-28.4,-31.2,-29.8,47.8,0.0,0.0,0.0,0.0
14,-114.01,51.12,CALGARY INTL A,3031092,2020-01-15,15,2020,15,-27.0,-32.4,-29.7,47.7,0.0,0.0,0.0,0.0
15,-114.01,51.12,CALGARY INTL A,3031092,2020-01-16,16,2020,16,-27.1,-29.7,-28.4,46.4,0.0,0.0,0.5,0.3
16,-114.01,51.12,CALGARY INTL A,3031092,2020-01-17,17,2020,17,-22.6,-27.2,-24.9,42.9,0.0,0.0,0.0,0.0
17,-114.01,51.12,CALGARY INTL A,3031092,2020-01-18,18,2020,18,-18.8,-28.5,-23.7,41.7,0.0,0.0,0.0,0.0
18,-114.01,51.12,CALGARY INTL A,3031092,2020-01-19,19,2020,19,4.9,-21.7,-8.4,26.4,0.0,0.0,0.0,0.0
19,-114.01,51.12,CALGARY INTL A,3031092,2020-01-20,20,2020,20,7.9,-4.1,1.9,16.1,0.0,0.0,0.0,0.0
20,-114.01,51.12,CALGARY INTL A,3031092,2020-01-21,21,2020,21,6.5,-7.7,-0.6,18.6,0.0,0.0,0.0,0.0
21,-114.01,51.12,CALGARY INTL A,3031092,2020-01-22,22,2020,22,6.0,-4.2,0.9,17.1,0.0,0.0,0.0,0.0
22,-114.01,51.12,CALGARY INTL A,3031092,2020-01-23,23,2020,23,9.5,-8.8,0.4,17.6,0.0,0.0,0.0,0.0
23,-114.01,51.12,CALGARY INTL A,3031092,2020-01-24,24,2020,24,10.3,0.5,5.4,12.6,0.0,0.0,0.0,0.0
24,-114.01,51.12,CALGARY INTL A,3031092,2020-01-25,25,2020,25,7.8,-2.5,2.7,15.3,0.0,0.0,0.0,0.0
25,-114.01,51.12,CALGARY INTL A,3031092,2020-01-26,26,2020,26,2.5,-7.0,-2.3,20.3,0.0,0.0,0.0,0.0
26,-114.01,51.12,CALGARY INTL A,3031092,2020-01-27,27,2020,27,7.1,-5.0,1.1,16.9,0.0,0.0,0.0,0.0
27,-114.01,51.12,CALGARY INTL A,3031092,2020-01-28,28,2020,28,4.8,-6.9,-1.1,19.1,0.0,0.0,0.0,0.0
28,-114.01,51.12,CALGARY INTL A,3031092,2020-01-29,29,2020,29,7.3,-9.2,-1.0,19.0,0.0,0.0,0.0,0.0
29,-114.01,51.12,CALGARY INTL A,3031092,2020-01-30,30,2020,30,6.2,-2.8,1.7,16.3,0.0,0.0,0.0,0.0
30,-114.01,51.12,CALGARY INTL A,3031092,2020-01-31,31,2020,31,8.5,-3.9,2.3,15.7,0.0,0.0,0.0,0.0
31,-114.01,51.12,CALGARY INTL A,3031092,2020-02-01,32,2020,1,11.1,-5.2,3.0,15.0,0.0,0.2,5.0,5.2
32,-114.01,51.12,CALGARY INTL A,3031092,2020-02-02,33,2020,2,-0.9,-12.1,-6.5,24.5,0.0,0.0,2.8,2.8
33,-114.01,51.12,CALGARY INTL A,3031092,2020-02-03,34,2020,3,-4.3,-14.0,-9.2,27.2,0.0,0.0,0.0,0.0
34,-114.01,51.12,CALGARY INTL A,3031092,2020-02-04,35,2020,4,0.5,-18.3,-8.9,26.9,0.0,0.0,0.0,0.0
35,-114.01,51.12,CALGARY INTL A,3031092,2020-02-05,36,2020,5,3.5,-1.5,1.0,17.0,0.0,0.0,0.0,0.0
36,-114.01,51.12,CALGARY INTL A,3031092,2020-02-06,37,2020,6,2.1,-4.6,-1.3,19.3,0.0,0.0,0.0,0.0
37,-114.01,51.12,CALGARY INTL A,3031092,2020-02-07,38,2020,7,0.5,-9.6,-4.6,22.6,0.0,0.0,0.0,0.0
38,-114.01,51.12,CALGARY INTL A,3031092,2020-02-08,39,2020,8,-3.2,-9.0,-6.1,24.1,0.0,0.0,3.0,2.4
39,-114.01,51.12,CALGARY INTL A,3031092,2020-02-09,40,2020,9,1.8,-11.8,-5.0,23.0,0.0,0.0,1.0,0.4
40,-114.01,51.12,CALGARY INTL A,3031092,2020-02-10,41,2020,10,0.2,-6.9,-3.4,21.4,0.0,0.0,0.0,0.0
41,-114.01,51.12,CALGARY INTL A,3031092,2020-02-11,42,2020,11,5.0,-8.4,-1.7,19.7,0.0,0.0071428571428571435,0.7678571428571429,1.0
42,-114.01,51.12,CALGARY INTL A,3031092,2020-02-12,43,2020,12,-8.0,-13.3,-10.7,28.7,0.0,0.0,0.8,0.6
43,-114.01,51.12,CALGARY INTL A,3031092,2020-02-13,44,2020,13,7.8,-13.7,-3.0,21.0,0.0,0.0,0.0,0.0
44,-114.01,51.12,CALGARY INTL A,3031092,2020-02-14,45,2020,14,0.8,-8.0,-3.6,21.6,0.0,0.0,1.3,0.5
45,-114.01,51.12,CALGARY INTL A,3031092,2020-02-15,46,2020,15,4.4,-7.7,-1.7,19.7,0.0,0.0,0.2,0.2
46,-114.01,51.12,CALGARY INTL A,3031092,2020-02-16,47,2020,16,2.5,-7.2,-2.4,20.4,0.0,0.0,0.0,0.0
47,-114.01,51.12,CALGARY INTL A,3031092,2020-02-17,48,2020,17,-3.2,-16.3,-9.8,27.8,0.0,0.0,2.0,1.8
48,-114.01,51.12,CALGARY INTL A,3031092,2020-02-18,49,2020,18,-6.8,-17.1,-12.0,30.0,0.0,0.0,0.0,0.0
49,-114.01,51.12,CALGARY INTL A,3031092,2020-02-19,50,2020,19,1.6,-16.3,-7.4,25.4,0.0,0.0,0.0,0.0
50,-114.01,51.12,CALGARY INTL A,3031092,2020-02-20,51,2020,20,9.4,-12.0,-1.3,19.3,0.0,0.0,0.0,0.0
51,-114.01,51.12,CALGARY INTL A,3031092,2020-02-21,52,2020,21,6.8,-3.7,1.6,16.4,0.0,0.0,0.0,0.0
52,-114.01,51.12,CALGARY INTL A,3031092,2020-02-22,53,2020,22,6.3,-6.2,0.1,17.9,0.0,0.0,0.0,0.0
53,-114.01,51.12,CALGARY INTL A,3031092,2020-02-23,54,2020,23,1.1,-8.4,-3.7,21.7,0.0,0.0,3.0,2.8
54,-114.01,51.12,CALGARY INTL A,3031092,2020-02-24,55,2020,24,-2.1,-8.2,-5.2,23.2,0.0,0.0,1.0,0.8
55,-114.01,51.12,CALGARY INTL A,3031092,2020-02-25,56,2020,25,0.6,-13.2,-6.3,24.3,0.0,0.0,0.0,0.0
56,-114.01,51.12,CALGARY INTL A,3031092,2020-02-26,57,2020,26,4.9,-4.0,0.5,17.5,0.0,0.0,0.0,0.0
57,-114.01,51.12,CALGARY INTL A,3031092,2020-02-27,58,2020,27,9.3,0.2,4.8,13.2,0.0,0.0,0.0,0.0
58,-114.01,51.12,CALGARY INTL A,3031092,2020-02-28,59,2020,28,10.6,0.3,5.5,12.5,0.0,0.0,0.0,0.0
59,-114.01,51.12,CALGARY INTL A,3031092,2020-02-29,60,2020,29,6.9,-3.9,1.5,16.5,0.0,0.0,1.4,1.4
60,-114.01,51.12,CALGARY INTL A,3031092,2020-03-01,61,2020,1,3.8,-11.0,-3.6,21.6,0.0,0.0,0.0,0.0
61,-114.01,51.12,CALGARY INTL A,3031092,2020-03-02,62,2020,2,7.6,1.3,4.5,13.5,0.0,0.0,0.0,0.0
62,-114.01,51.12,CALGARY INTL A,3031092,2020-03-03,63,2020,3,7.6,-3.6,2.0,16.0,0.0,0.0,0.0,0.0
63,-114.01,51.12,CALGARY INTL A,3031092,2020-03-04,64,2020,4,4.4,-3.1,0.7,17.3,0.0,0.0,0.8,0.8
64,-114.01,51.12,CALGARY INTL A,3031092,2020-03-05,65,2020,5,8.9,-7.4,0.8,17.2,0.0,0.0,0.0,0.0
65,-114.01,51.12,CALGARY INTL A,3031092,2020-03-06,66,2020,6,8.1,-6.6,0.8,17.2,0.0,0.0,0.0,0.0
66,-114.01,51.12,CALGARY INTL A,3031092,2020-03-07,67,2020,7,-6.5,-15.2,-10.9,28.9,0.0,0.0,3.8,3.2
67,-114.01,51.12,CALGARY INTL A,3031092,2020-03-08,68,2020,8,-7.6,-17.7,-12.7,30.7,0.0,0.0,0.0,0.0
68,-114.01,51.12,CALGARY INTL A,3031092,2020-03-09,69,2020,9,2.0,-14.8,-6.4,24.4,0.0,0.0,0.0,0.0
69,-114.01,51.12,CALGARY INTL A,3031092,2020-03-10,70,2020,10,4.8,-9.2,-2.2,20.2,0.0,0.0,0.0,0.0
70,-114.01,51.12,CALGARY INTL A,3031092,2020-03-11,71,2020,11,1.3599999999999999,-9.726666666666667,-4.19,22.189999999999998,0.0,0.0,0.0,0.0
71,-114.01,51.12,CALGARY INTL A,3031092,2020-03-12,72,2020,12,1.3,-8.6,-3.7,21.7,0.0,0.0,2.4,2.4
72,-114.01,51.12,CALGARY INTL A,3031092,2020-03-13,73,2020,13,-8.6,-20.6,-14.6,32.6,0.0,0.0,7.9,7.5
73,-114.01,51.12,CALGARY INTL A,3031092,2020-03-14,74,2020,14,-17.8,-21.4,-19.6,37.6,0.0,0.0,3.5,3.5
74,-114.01,51.12,CALGARY INTL A,3031092,2020-03-15,75,2020,15,-9.4,-23.9,-16.7,34.7,0.0,0.0,0.0,0.0
75,-114.01,51.12,CALGARY INTL A,3031092,2020-03-16,76,2020,16,3.0,-14.6,-5.8,23.8,0.0,0.0,0.0,0.0
76,-114.01,51.12,CALGARY INTL A,3031092,2020-03-17,77,2020,17,2.9,-6.8,-2.0,20.0,0.0,0.0,0.2,0.2
77,-114.01,51.12,CALGARY INTL A,3031092,2020-03-18,78,2020,18,-6.7,-9.8,-8.3,26.3,0.0,0.0,0.6,0.6
78,-114.01,51.12,CALGARY INTL A,3031092,2020-03-19,79,2020,19,-7.7,-12.1,-9.9,27.9,0.0,0.0,1.2,0.6
79,-114.01,51.12,CALGARY INTL A,3031092,2020-03-20,80,2020,20,2.3,-13.2,-5.5,23.5,0.0,0.0,0.0,0.0
80,-114.01,51.12,CALGARY INTL A,3031092,2020-03-21,81,2020,21,4.9,-8.9,-2.0,20.0,0.0,0.0,0.0,0.0
81,-114.01,51.12,CALGARY INTL A,3031092,2020-03-22,82,2020,22,7.6,-6.4,0.6,17.4,0.0,0.0,0.0,0.0
82,-114.01,51.12,CALGARY INTL A,3031092,2020-03-23,83,2020,23,10.0,-5.3,2.4,15.6,0.0,0.0,1.0,0.8
83,-114.01,51.12,CALGARY INTL A,3031092,2020-03-24,84,2020,24,-2.2,-5.3,-3.8,21.8,0.0,0.0,1.4,1.4
84,-114.01,51.12,CALGARY INTL A,3031092,2020-03-25,85,2020,25,-0.2,-9.6,-4.9,22.9,0.0,0.0,2.0,1.6
85,-114.01,51.12,CALGARY INTL A,3031092,2020-03-26,86,2020,26,7.5,-7.3,0.1,17.9,0.0,0.0,0.0,0.0
86,-114.01,51.12,CALGARY INTL A,3031092,2020-03-27,87,2020,27,10.2,-3.6,3.3,14.7,0.0,0.0,0.0,0.0
87,-114.01,51.12,CALGARY INTL A,3031092,2020-03-28,88,2020,28,6.6,-3.2,1.7,16.3,0.0,0.0,0.0,0.0
88,-114.01,51.12,CALGARY INTL A,3031092,2020-03-29,89,2020,29,11.2,-1.6,4.8,13.2,0.0,0.0,0.0,0.0
89,-114.01,51.12,CALGARY INTL A,3031092,2020-03-30,90,2020,30,0.4,-10.0,-4.8,22.8,0.0,0.0,3.2,3.0
90,-114.01,51.12,CALGARY INTL A,3031092,2020-03-31,91,2020,31,-7.6,-12.3,-10.0,28.0,0.0,0.0,0.8,0.8
91,-114.01,51.12,CALGARY INTL A,3031092,2020-04-01,92,2020,1,-9.7,-15.4,-12.6,30.6,0.0,0.0,0.4,0.4
92,-114.01,51.12,CALGARY INTL A,3031092,2020-04-02,93,2020,2,-8.3,-15.1,-11.7,29.7,0.0,0.0,0.4,0.4
93,-114.01,51.12,CALGARY INTL A,3031092,2020-04-03,94,2020,3,-7.7,-11.3,-9.5,27.5,0.0,0.0,2.4,0.8
94,-114.01,51.12,CALGARY INTL A,3031092,2020-04-04,95,2020,4,-2.3,-12.1,-7.2,25.2,0.0,0.0,0.4,0.2
95,-114.01,51.12,CALGARY INTL A,3031092,2020-04-05,96,2020,5,-3.2,-7.8,-5.5,23.5,0.0,0.0,0.4,0.4
96,-114.01,51.12,CALGARY INTL A,3031092,2020-04-06,97,2020,6,6.4,-7.2,-0.4,18.4,0.0,0.0,1.4,1.1
97,-114.01,51.12,CALGARY INTL A,3031092,2020-04-07,98,2020,7,5.2,-3.5,0.9,17.1,0.0,0.0,3.3,3.0
98,-114.01,51.12,CALGARY INTL A,3031092,2020-04-08,99,2020,8,5.0,-3.5,0.8,17.2,0.0,0.0,0.0,0.0
99,-114.01,51.12,CALGARY INTL A,3031092,2020-04-09,100,2020,9,14.0,-3.6,5.2,12.8,0.0,0.0,0.0,0.0
100,-114.01,51.12,CALGARY INTL A,3031092,2020-04-10,101,2020,10,4.3,-3.5,0.4,17.6,0.0,0.2,2.5,2.1
101,-114.01,51.12,CALGARY INTL A,3031092,2020-04-11,102,2020,11,-3.5,-8.2,-5.9,23.9,0.0,0.0,3.8,3.1
102,-114.01,51.12,CALGARY INTL A,3031092,2020-04-12,103,2020,12,-2.3,-9.0,-5.7,23.7,0.0,0.0,0.6,0.5
103,-114.01,51.12,CALGARY INTL A,3031092,2020-04-13,104,2020,13,5.1,-10.0,-2.5,20.5,0.0,0.0,0.0,0.0
104,-114.01,51.12,CALGARY INTL A,3031092,2020-04-14,105,2020,14,8.5,-1.4,3.6,14.4,0.0,2.6,0.0,2.6
105,-114.01,51.12,CALGARY INTL A,3031092,2020-04-15,106,2020,15,1.5,-2.5,-0.5,18.5,0.0,0.0,6.6,6.7
106,-114.01,51.12,CALGARY INTL A,3031092,2020-04-16,107,2020,16,10.5,-4.7,2.9,15.1,0.0,0.0,0.0,0.0
107,-114.01,51.12,CALGARY INTL A,3031092,2020-04-17,108,2020,17,12.2,3.5,7.9,10.1,0.0,2.0,0.0,2.0
108,-114.01,51.12,CALGARY INTL A,3031092,2020-04-18,109,2020,18,5.0,-0.6,2.2,15.8,0.0,1.2,0.2,1.4
109,-114.01,51.12,CALGARY INTL A,3031092,2020-04-19,110,2020,19,15.1,-1.3,6.9,11.1,0.0,0.0,0.0,0.0
110,-114.01,51.12,CALGARY INTL A,3031092,2020-04-20,111,2020,20,19.2,5.5,12.4,5.6,0.0,0.0,0.0,0.0
111,-114.01,51.12,CALGARY INTL A,3031092,2020-04-21,112,2020,21,19.3,6.6,13.0,5.0,0.0,0.0,0.0,0.0
112,-114.01,51.12,CALGARY INTL A,3031092,2020-04-22,113,2020,22,13.6,3.9,8.8,9.2,0.0,1.0,0.0,1.0
113,-114.01,51.12,CALGARY INTL A,3031092,2020-04-23,114,2020,23,13.8,1.0,7.4,10.6,0.0,0.2,0.0,0.2
114,-114.01,51.12,CALGARY INTL A,3031092,2020-04-24,115,2020,24,15.8,1.5,8.7,9.3,0.0,0.0,0.0,0.0
115,-114.01,51.12,CALGARY INTL A,3031092,2020-04-25,116,2020,25,17.7,0.2,9.0,9.0,0.0,0.0,0.0,0.0
116,-114.01,51.12,CALGARY INTL A,3031092,2020-04-26,117,2020,26,14.9,2.0,8.5,9.5,0.0,0.0,0.0,0.0
117,-114.01,51.12,CALGARY INTL A,3031092,2020-04-27,118,2020,27,16.7,1.4,9.1,8.9,0.0,0.0,0.0,0.0
118,-114.01,51.12,CALGARY INTL A,3031092,2020-04-28,119,2020,28,17.2,0.0,8.6,9.4,0.0,0.0,0.0,0.0
119,-114.01,51.12,CALGARY INTL A,3031092,2020-04-29,120,2020,29,21.5,3.4,12.5,5.5,0.0,0.0,0.0,0.0
120,-114.01,51.12,CALGARY INTL A,3031092,2020-04-30,121,2020,30,18.8,5.4,12.1,5.9,0.0,0.0,0.0,0.0
121,-114.01,51.12,CALGARY INTL A,3031092,2020-05-01,122,2020,1,15.2,0.5,7.9,10.1,0.0,0.0,0.0,0.0
122,-114.01,51.12,CALGARY INTL A,3031092,2020-05-02,123,2020,2,19.6,-0.1,9.8,8.2,0.0,0.0,0.0,0.0
123,-114.01,51.12,CALGARY INTL A,3031092,2020-05-03,124,2020,3,16.7,1.8,9.3,8.7,0.0,10.6,0.0,10.6
124,-114.01,51.12,CALGARY INTL A,3031092,2020-05-04,125,2020,4,6.8,2.3,4.6,13.4,0.0,0.6,0.0,0.6
125,-114.01,51.12,CALGARY INTL A,3031092,2020-05-05,126,2020,5,16.3,-1.0,7.7,10.3,0.0,0.0,0.0,0.0
126,-114.01,51.12,CALGARY INTL A,3031092,2020-05-06,127,2020,6,16.4,1.3,8.9,9.1,0.0,0.0,0.0,0.0
127,-114.01,51.12,CALGARY INTL A,3031092,2020-05-07,128,2020,7,16.5,6.0,11.3,6.7,0.0,0.8,0.0,0.8
128,-114.01,51.12,CALGARY INTL A,3031092,2020-05-08,129,2020,8,10.9,3.8,7.4,10.6,0.0,1.6,0.0,1.6
129,-114.01,51.12,CALGARY INTL A,3031092,2020-05-09,130,2020,9,13.7,-0.4,6.7,11.3,0.0,0.0,0.0,0.0
130,-114.01,51.12,CALGARY INTL A,3031092,2020-05-10,131,2020,10,7.1,0.5,3.8,14.2,0.0,0.0,0.0,0.0
131,-114.01,51.12,CALGARY INTL A,3031092,2020-05-11,132,2020,11,8.1,-0.5,3.8,14.2,0.0,0.0,0.0,0.0
132,-114.01,51.12,CALGARY INTL A,3031092,2020-05-12,133,2020,12,10.4,1.9,6.2,11.8,0.0,0.0,0.0,0.0
133,-114.01,51.12,CALGARY INTL A,3031092,2020-05-13,134,2020,13,15.8,-0.3,7.8,10.2,0.0,0.0,0.0,0.0
134,-114.01,51.12,CALGARY INTL A,3031092,2020-05-14,135,2020,14,17.3,3.2,10.3,7.7,0.0,0.0,0.0,0.0
135,-114.01,51.12,CALGARY INTL A,3031092,2020-05-15,136,2020,15,18.1,2.3,10.2,7.8,0.0,0.0,0.0,0.0
136,-114.01,51.12,CALGARY INTL A,3031092,2020-05-16,137,2020,16,21.8,3.0,12.4,5.6,0.0,0.0,0.0,0.0
137,-114.01,51.12,CALGARY INTL A,3031092,2020-05-17,138,2020,17,21.6,6.0,13.8,4.2,0.0,0.0,0.0,0.0
138,-114.01,51.12,CALGARY INTL A,3031092,2020-05-18,139,2020,18,19.9,8.9,14.4,3.6,0.0,0.0,0.0,0.0
139,-114.01,51.12,CALGARY INTL A,3031092,2020-05-19,140,2020,19,14.4,8.2,11.3,6.7,0.0,0.0,0.0,0.0
140,-114.01,51.12,CALGARY INTL A,3031092,2020-05-20,141,2020,20,11.7,7.8,9.8,8.2,0.0,3.2,0.0,3.2
141,-114.01,51.12,CALGARY INTL A,3031092,2020-05-21,142,2020,21,8.2,2.7,5.5,12.5,0.0,33.3,0.0,33.3
142,-114.01,51.12,CALGARY INTL A,3031092,2020-05-22,143,2020,22,5.3,2.9,4.1,13.9,0.0,17.5,0.0,17.5
143,-114.01,51.12,CALGARY INTL A,3031092,2020-05-23,144,2020,23,15.6,4.7,10.2,7.8,0.0,0.0,0.0,0.0
144,-114.01,51.12,CALGARY INTL A,3031092,2020-05-24,145,2020,24,20.8,2.5,11.7,6.3,0.0,0.0,0.0,0.0
145,-114.01,51.12,CALGARY INTL A,3031092,2020-05-25,146,2020,25,20.6,7.3,14.0,4.0,0.0,0.0,0.0,0.0
146,-114.01,51.12,CALGARY INTL A,3031092,2020-05-26,147,2020,26,15.3,6.0,10.7,7.3,0.0,2.0,0.0,2.0
147,-114.01,51.12,CALGARY INTL A,3031092,2020-05-27,148,2020,27,17.4,2.5,10.0,8.0,0.0,0.0,0.0,0.0
148,-114.01,51.12,CALGARY INTL A,3031092,2020-05-28,149,2020,28,19.8,2.4,11.1,6.9,0.0,0.0,0.0,0.0
149,-114.01,51.12,CALGARY INTL A,3031092,2020-05-29,150,2020,29,21.9,7.0,14.5,3.5,0.0,0.0,0.0,0.0
150,-114.01,51.12,CALGARY INTL A,3031092,2020-05-30,151,2020,30,26.0,10.2,18.1,0.0,0.1,0.0,0.0,0.0
151,-114.01,51.12,CALGARY INTL A,3031092,2020-05-31,152,2020,31,19.6,10.4,15.0,3.0,0.0,41.0,0.0,41.0
152,-114.01,51.12,CALGARY INTL A,3031092,2020-06-01,153,2020,1,18.9,6.0,12.5,5.5,0.0,0.0,0.0,0.0
153,-114.01,51.12,CALGARY INTL A,3031092,2020-06-02,154,2020,2,21.9,5.0,13.5,4.5,0.0,0.0,0.0,0.0
154,-114.01,51.12,CALGARY INTL A,3031092,2020-06-03,155,2020,3,19.0,6.6,12.8,5.2,0.0,0.0,0.0,0.0
155,-114.01,51.12,CALGARY INTL A,3031092,2020-06-04,156,2020,4,16.1,5.3,10.7,7.3,0.0,0.0,0.0,0.0
156,-114.01,51.12,CALGARY INTL A,3031092,2020-06-05,157,2020,5,18.6,4.0,11.3,6.7,0.0,1.8,0.0,1.8
157,-114.01,51.12,CALGARY INTL A,3031092,2020-06-06,158,2020,6,19.1,9.4,14.3,3.7,0.0,3.6,0.0,3.6
158,-114.01,51.12,CALGARY INTL A,3031092,2020-06-07,159,2020,7,11.6,7.8,9.7,8.3,0.0,9.7,0.0,9.7
159,-114.01,51.12,CALGARY INTL A,3031092,2020-06-08,160,2020,8,16.9,4.6,10.8,7.2,0.0,3.5,0.0,3.5
160,-114.01,51.12,CALGARY INTL A,3031092,2020-06-09,161,2020,9,18.6,3.9,11.3,6.7,0.0,0.0,0.0,0.0
161,-114.01,51.12,CALGARY INTL A,3031092,2020-06-10,162,2020,10,22.8,10.3,16.6,1.4,0.0,0.0,0.0,0.0
162,-114.01,51.12,CALGARY INTL A,3031092,2020-06-11,163,2020,11,23.7,8.7,16.2,1.8,0.0,0.0,0.0,0.0
163,-114.01,51.12,CALGARY INTL A,3031092,2020-06-12,164,2020,12,27.9,13.1,20.5,0.0,2.5,2.2,0.0,2.2
164,-114.01,51.12,CALGARY INTL A,3031092,2020-06-13,165,2020,13,21.8,10.7,16.3,1.7,0.0,54.0,0.0,54.0
165,-114.01,51.12,CALGARY INTL A,3031092,2020-06-14,166,2020,14,20.0,8.5,14.3,3.7,0.0,0.4,0.0,0.4
166,-114.01,51.12,CALGARY INTL A,3031092,2020-06-15,167,2020,15,19.75,8.742857142857142,14.275,3.889285714285714,0.16428571428571428,0.0,0.0,0.0
167,-114.01,51.12,CALGARY INTL A,3031092,2020-06-16,168,2020,16,19.1,7.7,13.4,4.6,0.0,0.7,0.0,0.7
168,-114.01,51.12,CALGARY INTL A,3031092,2020-06-17,169,2020,17,15.0,9.2,12.1,5.9,0.0,7.4,0.0,7.4
169,-114.01,51.12,CALGARY INTL A,3031092,2020-06-18,170,2020,18,16.0,8.5,12.3,5.7,0.0,0.4,0.0,0.4
170,-114.01,51.12,CALGARY INTL A,3031092,2020-06-19,171,2020,19,21.4,7.7,14.6,3.4,0.0,0.0,0.0,0.0
171,-114.01,51.12,CALGARY INTL A,3031092,2020-06-20,172,2020,20,19.75,8.742857142857142,14.275,3.889285714285714,0.16428571428571428,0.3,0.0,0.3
172,-114.01,51.12,CALGARY INTL A,3031092,2020-06-21,173,2020,21,22.9,11.6,17.3,0.7,0.0,27.6,0.0,27.6
173,-114.01,51.12,CALGARY INTL A,3031092,2020-06-22,174,2020,22,24.1,9.7,16.9,1.1,0.0,0.0,0.0,0.0
174,-114.01,51.12,CALGARY INTL A,3031092,2020-06-23,175,2020,23,24.1,13.6,18.9,0.0,0.9,0.0,0.0,0.0
175,-114.01,51.12,CALGARY INTL A,3031092,2020-06-24,176,2020,24,20.3,12.8,16.6,1.4,0.0,4.2,0.0,4.2
176,-114.01,51.12,CALGARY INTL A,3031092,2020-06-25,177,2020,25,23.7,9.2,16.5,1.5,0.0,0.0,0.0,0.0
177,-114.01,51.12,CALGARY INTL A,3031092,2020-06-26,178,2020,26,25.5,12.8,19.2,0.0,1.2,0.0,0.0,0.0
178,-114.01,51.12,CALGARY INTL A,3031092,2020-06-27,179,2020,27,18.9,9.4,14.2,3.8,0.0,12.3,0.0,12.3
179,-114.01,51.12,CALGARY INTL A,3031092,2020-06-28,180,2020,28,14.5,8.3,11.4,6.6,0.0,14.5,0.0,14.5
180,-114.01,51.12,CALGARY INTL A,3031092,2020-06-29,181,2020,29,17.0,10.2,13.6,4.4,0.0,0.0,0.0,0.0
181,-114.01,51.12,CALGARY INTL A,3031092,2020-06-30,182,2020,30,13.6,10.2,11.9,6.1,0.0,29.2,0.0,29.2
182,-114.01,51.12,CALGARY INTL A,3031092,2020-07-01,183,2020,1,20.9,9.8,15.4,2.6,0.0,4.2,0.0,4.2
183,-114.01,51.12,CALGARY INTL A,3031092,2020-07-02,184,2020,2,19.7,11.5,15.6,2.4,0.0,0.0,0.0,0.0
184,-114.01,51.12,CALGARY INTL A,3031092,2020-07-03,185,2020,3,24.7,9.4,17.1,0.9,0.0,0.0,0.0,0.0
185,-114.01,51.12,CALGARY INTL A,3031092,2020-07-04,186,2020,4,20.3,9.9,15.1,2.9,0.0,9.5,0.0,9.5
186,-114.01,51.12,CALGARY INTL A,3031092,2020-07-05,187,2020,5,20.6,6.8,13.7,4.3,0.0,0.0,0.0,0.0
187,-114.01,51.12,CALGARY INTL A,3031092,2020-07-06,188,2020,6,22.7,9.2,16.0,2.0,0.0,0.0,0.0,0.0
188,-114.01,51.12,CALGARY INTL A,3031092,2020-07-07,189,2020,7,16.8,10.3,13.6,4.4,0.0,15.0,0.0,15.0
189,-114.01,51.12,CALGARY INTL A,3031092,2020-07-08,190,2020,8,18.0,10.4,14.2,3.8,0.0,13.8,0.0,13.8
190,-114.01,51.12,CALGARY INTL A,3031092,2020-07-09,191,2020,9,22.76896551724138,11.348275862068965,17.086206896551722,1.6068965517241378,0.6931034482758621,0.0,0.0,0.0
191,-114.01,51.12,CALGARY INTL A,3031092,2020-07-10,192,2020,10,21.8,11.2,16.5,1.5,0.0,0.0,0.0,0.0
192,-114.01,51.12,CALGARY INTL A,3031092,2020-07-11,193,2020,11,22.76896551724138,11.348275862068965,17.086206896551722,1.6068965517241378,0.6931034482758621,0.0,0.0,0.0
193,-114.01,51.12,CALGARY INTL A,3031092,2020-07-12,194,2020,12,21.1,10.5,15.8,2.2,0.0,0.0,0.0,0.0
194,-114.01,51.12,CALGARY INTL A,3031092,2020-07-13,195,2020,13,19.3,9.0,14.2,3.8,0.0,1.5,0.0,1.5
195,-114.01,51.12,CALGARY INTL A,3031092,2020-07-14,196,2020,14,23.7,11.7,17.7,0.3,0.0,0.0,0.0,0.0
196,-114.01,51.12,CALGARY INTL A,3031092,2020-07-15,197,2020,15,23.1,12.6,17.9,0.1,0.0,0.3,0.0,0.3
197,-114.01,51.12,CALGARY INTL A,3031092,2020-07-16,198,2020,16,27.7,11.6,19.7,0.0,1.7,0.0,0.0,0.0
198,-114.01,51.12,CALGARY INTL A,3031092,2020-07-17,199,2020,17,22.1,11.0,16.6,1.4,0.0,4.2,0.0,4.2
199,-114.01,51.12,CALGARY INTL A,3031092,2020-07-18,200,2020,18,22.1,10.8,16.5,1.5,0.0,0.0,0.0,0.0
200,-114.01,51.12,CALGARY INTL A,3031092,2020-07-19,201,2020,19,21.3,12.6,17.0,1.0,0.0,3.7,0.0,3.7
201,-114.01,51.12,CALGARY INTL A,3031092,2020-07-20,202,2020,20,22.6,10.8,16.7,1.3,0.0,0.0,0.0,0.0
202,-114.01,51.12,CALGARY INTL A,3031092,2020-07-21,203,2020,21,25.8,11.9,18.9,0.0,0.9,0.0,0.0,0.0
203,-114.01,51.12,CALGARY INTL A,3031092,2020-07-22,204,2020,22,23.9,14.8,19.4,0.0,1.4,0.0,0.0,0.0
204,-114.01,51.12,CALGARY INTL A,3031092,2020-07-23,205,2020,23,22.3,12.9,17.6,0.4,0.0,24.9,0.0,24.9
205,-114.01,51.12,CALGARY INTL A,3031092,2020-07-24,206,2020,24,18.7,9.7,14.2,3.8,0.0,4.4,0.0,4.4
206,-114.01,51.12,CALGARY INTL A,3031092,2020-07-25,207,2020,25,20.5,7.3,13.9,4.1,0.0,0.0,0.0,0.0
207,-114.01,51.12,CALGARY INTL A,3031092,2020-07-26,208,2020,26,22.9,9.2,16.1,1.9,0.0,0.0,0.0,0.0
208,-114.01,51.12,CALGARY INTL A,3031092,2020-07-27,209,2020,27,27.2,10.8,19.0,0.0,1.0,0.0,0.0,0.0
209,-114.01,51.12,CALGARY INTL A,3031092,2020-07-28,210,2020,28,29.4,12.9,21.2,0.0,3.2,0.0,0.0,0.0
210,-114.01,51.12,CALGARY INTL A,3031092,2020-07-29,211,2020,29,27.4,17.1,22.3,0.0,4.3,0.0,0.0,0.0
211,-114.01,51.12,CALGARY INTL A,3031092,2020-07-30,212,2020,30,26.7,15.9,21.3,0.0,3.3,0.0,0.0,0.0
212,-114.01,51.12,CALGARY INTL A,3031092,2020-07-31,213,2020,31,27.0,17.5,22.3,0.0,4.3,0.0,0.0,0.0
213,-114.01,51.12,CALGARY INTL A,3031092,2020-08-01,214,2020,1,28.1,15.5,21.8,0.0,3.8,1.6,0.0,1.6
214,-114.01,51.12,CALGARY INTL A,3031092,2020-08-02,215,2020,2,28.2,14.1,21.2,0.0,3.2,0.0,0.0,0.0
215,-114.01,51.12,CALGARY INTL A,3031092,2020-08-03,216,2020,3,28.6,15.1,21.9,0.0,3.9,0.0,0.0,0.0
216,-114.01,51.12,CALGARY INTL A,3031092,2020-08-04,217,2020,4,25.6,10.7,18.2,0.0,0.2,0.0,0.0,0.0
217,-114.01,51.12,CALGARY INTL A,3031092,2020-08-05,218,2020,5,29.3,12.2,20.8,0.0,2.8,0.0,0.0,0.0
218,-114.01,51.12,CALGARY INTL A,3031092,2020-08-06,219,2020,6,29.2,12.9,21.1,0.0,3.1,0.0,0.0,0.0
219,-114.01,51.12,CALGARY INTL A,3031092,2020-08-07,220,2020,7,21.3,9.2,15.3,2.7,0.0,10.8,0.0,10.8
220,-114.01,51.12,CALGARY INTL A,3031092,2020-08-08,221,2020,8,22.6,10.1,16.4,1.6,0.0,0.2,0.0,0.2
221,-114.01,51.12,CALGARY INTL A,3031092,2020-08-09,222,2020,9,21.5,5.0,13.3,4.7,0.0,0.0,0.0,0.0
222,-114.01,51.12,CALGARY INTL A,3031092,2020-08-10,223,2020,10,26.5,13.9,20.2,0.0,2.2,0.0,0.0,0.0
223,-114.01,51.12,CALGARY INTL A,3031092,2020-08-11,224,2020,11,22.5,8.5,15.5,2.5,0.0,0.0,0.0,0.0
224,-114.01,51.12,CALGARY INTL A,3031092,2020-08-12,225,2020,12,19.0,8.7,13.9,4.1,0.0,0.0,0.0,0.0
225,-114.01,51.12,CALGARY INTL A,3031092,2020-08-13,226,2020,13,22.2,6.9,14.6,3.4,0.0,0.0,0.0,0.0
226,-114.01,51.12,CALGARY INTL A,3031092,2020-08-14,227,2020,14,25.362068965517246,10.982758620689657,18.200000000000003,1.3551724137931034,1.5551724137931033,0.0,0.0,0.0
227,-114.01,51.12,CALGARY INTL A,3031092,2020-08-15,228,2020,15,27.9,11.6,19.8,0.0,1.8,0.0,0.0,0.0
228,-114.01,51.12,CALGARY INTL A,3031092,2020-08-16,229,2020,16,31.1,10.6,20.9,0.0,2.9,0.0,0.0,0.0
229,-114.01,51.12,CALGARY INTL A,3031092,2020-08-17,230,2020,17,32.7,14.5,23.6,0.0,5.6,0.0,0.0,0.0
230,-114.01,51.12,CALGARY INTL A,3031092,2020-08-18,231,2020,18,33.4,16.0,24.7,0.0,6.7,0.0,0.0,0.0
231,-114.01,51.12,CALGARY INTL A,3031092,2020-08-19,232,2020,19,26.1,14.9,20.5,0.0,2.5,0.0,0.0,0.0
232,-114.01,51.12,CALGARY INTL A,3031092,2020-08-20,233,2020,20,25.4,15.4,20.4,0.0,2.4,0.0,0.0,0.0
233,-114.01,51.12,CALGARY INTL A,3031092,2020-08-21,234,2020,21,28.0,10.7,19.4,0.0,1.4,0.0,0.0,0.0
234,-114.01,51.12,CALGARY INTL A,3031092,2020-08-22,235,2020,22,24.6,12.0,18.3,0.0,0.3,0.0,0.0,0.0
235,-114.01,51.12,CALGARY INTL A,3031092,2020-08-23,236,2020,23,24.2,8.4,16.3,1.7,0.0,0.0,0.0,0.0
236,-114.01,51.12,CALGARY INTL A,3031092,2020-08-24,237,2020,24,29.3,11.2,20.3,0.0,2.3,0.0,0.0,0.0
237,-114.01,51.12,CALGARY INTL A,3031092,2020-08-25,238,2020,25,23.3,10.8,17.1,0.9,0.0,0.4,0.0,0.4
238,-114.01,51.12,CALGARY INTL A,3031092,2020-08-26,239,2020,26,25.362068965517246,10.982758620689657,18.200000000000003,1.3551724137931034,1.5551724137931033,0.0,0.0,0.0
239,-114.01,51.12,CALGARY INTL A,3031092,2020-08-27,240,2020,27,20.2,9.0,14.6,3.4,0.0,0.0,0.0,0.0
240,-114.01,51.12,CALGARY INTL A,3031092,2020-08-28,241,2020,28,26.1,9.0,17.6,0.4,0.0,0.0,0.0,0.0
241,-114.01,51.12,CALGARY INTL A,3031092,2020-08-29,242,2020,29,19.8,9.0,14.4,3.6,0.0,0.8,0.0,0.8
242,-114.01,51.12,CALGARY INTL A,3031092,2020-08-30,243,2020,30,18.6,6.8,12.7,5.3,0.0,1.2,0.0,1.2
243,-114.01,51.12,CALGARY INTL A,3031092,2020-08-31,244,2020,31,20.2,5.8,13.0,5.0,0.0,0.0,0.0,0.0
244,-114.01,51.12,CALGARY INTL A,3031092,2020-09-01,245,2020,1,23.7,10.9,17.3,0.7,0.0,0.0,0.0,0.0
245,-114.01,51.12,CALGARY INTL A,3031092,2020-09-02,246,2020,2,19.1,9.5,14.3,3.7,0.0,0.4,0.0,0.4
246,-114.01,51.12,CALGARY INTL A,3031092,2020-09-03,247,2020,3,24.7,4.6,14.7,3.3,0.0,0.0,0.0,0.0
247,-114.01,51.12,CALGARY INTL A,3031092,2020-09-04,248,2020,4,27.5,6.4,17.0,1.0,0.0,0.0,0.0,0.0
248,-114.01,51.12,CALGARY INTL A,3031092,2020-09-05,249,2020,5,29.1,11.3,20.2,0.0,2.2,0.0,0.0,0.0
249,-114.01,51.12,CALGARY INTL A,3031092,2020-09-06,250,2020,6,15.6,5.0,10.3,7.7,0.0,8.9,0.0,8.9
250,-114.01,51.12,CALGARY INTL A,3031092,2020-09-07,251,2020,7,10.9,2.5,6.7,11.3,0.0,11.0,0.0,11.0
251,-114.01,51.12,CALGARY INTL A,3031092,2020-09-08,252,2020,8,20.4,1.1,10.8,7.2,0.0,0.0,0.0,0.0
252,-114.01,51.12,CALGARY INTL A,3031092,2020-09-09,253,2020,9,22.9,6.0,14.5,3.5,0.0,0.0,0.0,0.0
253,-114.01,51.12,CALGARY INTL A,3031092,2020-09-10,254,2020,10,25.1,6.9,16.0,2.0,0.0,0.0,0.0,0.0
254,-114.01,51.12,CALGARY INTL A,3031092,2020-09-11,255,2020,11,29.0,8.3,18.7,0.0,0.7,0.0,0.0,0.0
255,-114.01,51.12,CALGARY INTL A,3031092,2020-09-12,256,2020,12,18.2,8.8,13.5,4.5,0.0,0.0,0.0,0.0
256,-114.01,51.12,CALGARY INTL A,3031092,2020-09-13,257,2020,13,15.4,7.2,11.3,6.7,0.0,0.0,0.0,0.0
257,-114.01,51.12,CALGARY INTL A,3031092,2020-09-14,258,2020,14,9.8,6.8,8.3,9.7,0.0,0.0,0.0,0.0
258,-114.01,51.12,CALGARY INTL A,3031092,2020-09-15,259,2020,15,11.4,7.1,9.3,8.7,0.0,0.0,0.0,0.0
259,-114.01,51.12,CALGARY INTL A,3031092,2020-09-16,260,2020,16,19.9,6.7,13.3,4.7,0.0,0.0,0.0,0.0
260,-114.01,51.12,CALGARY INTL A,3031092,2020-09-17,261,2020,17,21.7,5.4,13.6,4.4,0.0,0.0,0.0,0.0
261,-114.01,51.12,CALGARY INTL A,3031092,2020-09-18,262,2020,18,20.2,6.7,13.5,4.5,0.0,0.0,0.0,0.0
262,-114.01,51.12,CALGARY INTL A,3031092,2020-09-19,263,2020,19,20.1,10.0,15.1,2.9,0.0,0.0,0.0,0.0
263,-114.01,51.12,CALGARY INTL A,3031092,2020-09-20,264,2020,20,19.8,8.0,13.9,4.1,0.0,0.0,0.0,0.0
264,-114.01,51.12,CALGARY INTL A,3031092,2020-09-21,265,2020,21,21.2,4.7,13.0,5.0,0.0,0.0,0.0,0.0
265,-114.01,51.12,CALGARY INTL A,3031092,2020-09-22,266,2020,22,16.9,4.6,10.8,7.2,0.0,0.0,0.0,0.0
266,-114.01,51.12,CALGARY INTL A,3031092,2020-09-23,267,2020,23,22.3,3.3,12.8,5.2,0.0,0.0,0.0,0.0
267,-114.01,51.12,CALGARY INTL A,3031092,2020-09-24,268,2020,24,19.6,9.9,14.8,3.2,0.0,0.0,0.0,0.0
268,-114.01,51.12,CALGARY INTL A,3031092,2020-09-25,269,2020,25,16.1,6.0,11.1,6.9,0.0,0.0,0.0,0.0
269,-114.01,51.12,CALGARY INTL A,3031092,2020-09-26,270,2020,26,16.6,6.0,11.3,6.7,0.0,0.2,0.0,0.2
270,-114.01,51.12,CALGARY INTL A,3031092,2020-09-27,271,2020,27,16.7,6.5,11.6,6.4,0.0,0.0,0.0,0.0
271,-114.01,51.12,CALGARY INTL A,3031092,2020-09-28,272,2020,28,22.0,7.6,14.8,3.2,0.0,0.0,0.0,0.0
272,-114.01,51.12,CALGARY INTL A,3031092,2020-09-29,273,2020,29,18.3,8.1,13.2,4.8,0.0,0.0,0.0,0.0
273,-114.01,51.12,CALGARY INTL A,3031092,2020-09-30,274,2020,30,14.4,6.2,10.3,7.7,0.0,0.0,0.0,0.0
274,-114.01,51.12,CALGARY INTL A,3031092,2020-10-01,275,2020,1,24.2,3.4,13.8,4.2,0.0,0.0,0.0,0.0
275,-114.01,51.12,CALGARY INTL A,3031092,2020-10-02,276,2020,2,20.1,5.8,13.0,5.0,0.0,0.0,0.0,0.0
276,-114.01,51.12,CALGARY INTL A,3031092,2020-10-03,277,2020,3,22.6,4.0,13.3,4.7,0.0,0.0,0.0,0.0
277,-114.01,51.12,CALGARY INTL A,3031092,2020-10-04,278,2020,4,23.4,9.2,16.3,1.7,0.0,0.0,0.0,0.0
278,-114.01,51.12,CALGARY INTL A,3031092,2020-10-05,279,2020,5,23.4,4.7,14.1,3.9,0.0,0.0,0.0,0.0
279,-114.01,51.12,CALGARY INTL A,3031092,2020-10-06,280,2020,6,18.1,6.9,12.5,5.5,0.0,0.0,0.0,0.0
280,-114.01,51.12,CALGARY INTL A,3031092,2020-10-07,281,2020,7,15.8,5.6,10.7,7.3,0.0,0.6,0.0,0.6
281,-114.01,51.12,CALGARY INTL A,3031092,2020-10-08,282,2020,8,17.9,4.8,11.4,6.6,0.0,0.0,0.0,0.0
282,-114.01,51.12,CALGARY INTL A,3031092,2020-10-09,283,2020,9,12.4,3.3,7.9,10.1,0.0,0.0,0.0,0.0
283,-114.01,51.12,CALGARY INTL A,3031092,2020-10-10,284,2020,10,21.0,9.9,15.5,2.5,0.0,0.0,0.0,0.0
284,-114.01,51.12,CALGARY INTL A,3031092,2020-10-11,285,2020,11,13.1,1.4,7.3,10.7,0.0,0.0,0.0,0.0
285,-114.01,51.12,CALGARY INTL A,3031092,2020-10-12,286,2020,12,5.1,-0.3,2.4,15.6,0.0,2.1,0.0,2.1
286,-114.01,51.12,CALGARY INTL A,3031092,2020-10-13,287,2020,13,4.3,-2.8,0.8,17.2,0.0,0.0,0.0,0.0
287,-114.01,51.12,CALGARY INTL A,3031092,2020-10-14,288,2020,14,5.4,-1.9,1.8,16.2,0.0,0.0,5.5,5.9
288,-114.01,51.12,CALGARY INTL A,3031092,2020-10-15,289,2020,15,5.0,-3.8,0.6,17.4,0.0,0.0,0.0,0.0
289,-114.01,51.12,CALGARY INTL A,3031092,2020-10-16,290,2020,16,3.9,-3.8,0.1,17.9,0.0,0.0,3.2,1.5
290,-114.01,51.12,CALGARY INTL A,3031092,2020-10-17,291,2020,17,-3.3,-8.2,-5.8,23.8,0.0,0.0,0.4,0.2
291,-114.01,51.12,CALGARY INTL A,3031092,2020-10-18,292,2020,18,-6.3,-8.8,-7.6,25.6,0.0,0.0,0.6,0.6
292,-114.01,51.12,CALGARY INTL A,3031092,2020-10-19,293,2020,19,-0.5,-8.0,-4.3,22.3,0.0,0.0,2.2,1.8
293,-114.01,51.12,CALGARY INTL A,3031092,2020-10-20,294,2020,20,1.9,-4.6,-1.4,19.4,0.0,0.0,0.6,0.6
294,-114.01,51.12,CALGARY INTL A,3031092,2020-10-21,295,2020,21,-2.6,-9.1,-5.9,23.9,0.0,0.0,2.6,2.2
295,-114.01,51.12,CALGARY INTL A,3031092,2020-10-22,296,2020,22,-8.1,-10.0,-9.1,27.1,0.0,0.0,2.4,0.8
296,-114.01,51.12,CALGARY INTL A,3031092,2020-10-23,297,2020,23,-9.0,-11.8,-10.4,28.4,0.0,0.0,7.6,4.4
297,-114.01,51.12,CALGARY INTL A,3031092,2020-10-24,298,2020,24,-9.8,-14.3,-12.1,30.1,0.0,0.0,1.2,0.4
298,-114.01,51.12,CALGARY INTL A,3031092,2020-10-25,299,2020,25,-0.5,-18.4,-9.5,27.5,0.0,0.0,0.0,0.0
299,-114.01,51.12,CALGARY INTL A,3031092,2020-10-26,300,2020,26,3.4,-3.9,-0.3,18.3,0.0,0.0,0.0,0.0
300,-114.01,51.12,CALGARY INTL A,3031092,2020-10-27,301,2020,27,13.7,2.0,7.9,10.1,0.0,0.0,0.0,0.0
301,-114.01,51.12,CALGARY INTL A,3031092,2020-10-28,302,2020,28,4.0,0.1,2.1,15.9,0.0,0.0,1.6,2.0
302,-114.01,51.12,CALGARY INTL A,3031092,2020-10-29,303,2020,29,6.3,-1.7,2.3,15.7,0.0,0.6,0.0,0.6
303,-114.01,51.12,CALGARY INTL A,3031092,2020-10-30,304,2020,30,13.5,-2.3,5.6,12.4,0.0,0.0,0.0,0.0
304,-114.01,51.12,CALGARY INTL A,3031092,2020-10-31,305,2020,31,10.1,-3.4,3.4,14.6,0.0,0.0,0.0,0.0
305,-114.01,51.12,CALGARY INTL A,3031092,2020-11-01,306,2020,1,17.3,-0.8,8.3,9.7,0.0,0.0,0.0,0.0
306,-114.01,51.12,CALGARY INTL A,3031092,2020-11-02,307,2020,2,23.1,5.0,14.1,3.9,0.0,0.0,0.0,0.0
307,-114.01,51.12,CALGARY INTL A,3031092,2020-11-03,308,2020,3,19.5,5.7,12.6,5.4,0.0,0.0,0.0,0.0
308,-114.01,51.12,CALGARY INTL A,3031092,2020-11-04,309,2020,4,14.3,3.6,9.0,9.0,0.0,0.0,0.0,0.0
309,-114.01,51.12,CALGARY INTL A,3031092,2020-11-05,310,2020,5,13.6,0.7,7.2,10.8,0.0,2.0,0.0,2.0
310,-114.01,51.12,CALGARY INTL A,3031092,2020-11-06,311,2020,6,4.1,-2.3,0.9,17.1,0.0,0.0,0.0,0.0
311,-114.01,51.12,CALGARY INTL A,3031092,2020-11-07,312,2020,7,0.8,-8.2,-3.7,21.7,0.0,0.7,2.0,2.0
312,-114.01,51.12,CALGARY INTL A,3031092,2020-11-08,313,2020,8,-7.2,-10.7,-9.0,27.0,0.0,0.0,0.6,0.6
313,-114.01,51.12,CALGARY INTL A,3031092,2020-11-09,314,2020,9,3.2,-13.7,-5.3,23.3,0.0,0.0,0.0,0.0
314,-114.01,51.12,CALGARY INTL A,3031092,2020-11-10,315,2020,10,2.7,-6.3,-1.8,19.8,0.0,0.0,11.0,9.7
315,-114.01,51.12,CALGARY INTL A,3031092,2020-11-11,316,2020,11,-6.3,-12.8,-9.6,27.6,0.0,0.0,0.2,0.2
316,-114.01,51.12,CALGARY INTL A,3031092,2020-11-12,317,2020,12,3.3,-13.4,-5.1,23.1,0.0,0.0,0.0,0.0
317,-114.01,51.12,CALGARY INTL A,3031092,2020-11-13,318,2020,13,1.8,-7.7,-3.0,21.0,0.0,0.0,0.0,0.0
318,-114.01,51.12,CALGARY INTL A,3031092,2020-11-14,319,2020,14,1.8,-7.3,-2.8,20.8,0.0,0.0,0.4,0.2
319,-114.01,51.12,CALGARY INTL A,3031092,2020-11-15,320,2020,15,6.6,-10.2,-1.8,19.8,0.0,0.0,0.0,0.0
320,-114.01,51.12,CALGARY INTL A,3031092,2020-11-16,321,2020,16,5.3,-5.7,-0.2,18.2,0.0,0.0,0.0,0.0
321,-114.01,51.12,CALGARY INTL A,3031092,2020-11-17,322,2020,17,9.4,-4.9,2.3,15.7,0.0,0.0,0.4,0.4
322,-114.01,51.12,CALGARY INTL A,3031092,2020-11-18,323,2020,18,4.5,-8.4,-2.0,20.0,0.0,0.0,0.8,0.8
323,-114.01,51.12,CALGARY INTL A,3031092,2020-11-19,324,2020,19,-8.1,-12.0,-10.1,28.1,0.0,0.0,2.8,2.0
324,-114.01,51.12,CALGARY INTL A,3031092,2020-11-20,325,2020,20,2.1,-13.4,-5.7,23.7,0.0,0.0,0.0,0.0
325,-114.01,51.12,CALGARY INTL A,3031092,2020-11-21,326,2020,21,5.4,-5.5,-0.1,18.1,0.0,0.0,0.0,0.0
326,-114.01,51.12,CALGARY INTL A,3031092,2020-11-22,327,2020,22,2.1,-11.4,-4.7,22.7,0.0,0.0,0.0,0.0
327,-114.01,51.12,CALGARY INTL A,3031092,2020-11-23,328,2020,23,1.8,-7.2,-2.7,20.7,0.0,0.0,0.0,0.0
328,-114.01,51.12,CALGARY INTL A,3031092,2020-11-24,329,2020,24,8.7,-9.7,-0.5,18.5,0.0,0.11739130434782609,0.791304347826087,0.0
329,-114.01,51.12,CALGARY INTL A,3031092,2020-11-25,330,2020,25,3.4,-5.8,-1.2,19.2,0.0,0.11739130434782609,0.791304347826087,0.0
330,-114.01,51.12,CALGARY INTL A,3031092,2020-11-26,331,2020,26,7.1,-5.9,0.6,17.4,0.0,0.11739130434782609,0.791304347826087,0.0
331,-114.01,51.12,CALGARY INTL A,3031092,2020-11-27,332,2020,27,10.9,-0.5,5.2,12.8,0.0,0.11739130434782609,0.791304347826087,0.0
332,-114.01,51.12,CALGARY INTL A,3031092,2020-11-28,333,2020,28,9.9,-7.6,1.2,16.8,0.0,0.11739130434782609,0.791304347826087,0.0
333,-114.01,51.12,CALGARY INTL A,3031092,2020-11-29,334,2020,29,8.9,-9.3,-0.2,18.2,0.0,0.11739130434782609,0.791304347826087,0.0
334,-114.01,51.12,CALGARY INTL A,3031092,2020-11-30,335,2020,30,7.2,-2.9,2.2,15.8,0.0,0.11739130434782609,0.791304347826087,0.0
335,-114.01,51.12,CALGARY INTL A,3031092,2020-12-01,336,2020,1,3.0,-6.1,-1.6,19.6,0.0,0.0,1.7217391304347824,0.0
336,-114.01,51.12,CALGARY INTL A,3031092,2020-12-02,337,2020,2,9.2,-4.8,2.2,15.8,0.0,0.0,1.7217391304347824,0.0
337,-114.01,51.12,CALGARY INTL A,3031092,2020-12-03,338,2020,3,16.1,-4.4,5.9,12.1,0.0,0.0,1.7217391304347824,0.0
338,-114.01,51.12,CALGARY INTL A,3031092,2020-12-04,339,2020,4,12.4,-0.4,6.0,12.0,0.0,0.0,1.7217391304347824,0.0
339,-114.01,51.12,CALGARY INTL A,3031092,2020-12-05,340,2020,5,13.1,-4.4,4.4,13.6,0.0,0.0,1.7217391304347824,0.0
340,-114.01,51.12,CALGARY INTL A,3031092,2020-12-06,341,2020,6,14.4,-3.9,5.3,12.7,0.0,0.0,1.7217391304347824,0.0
341,-114.01,51.12,CALGARY INTL A,3031092,2020-12-07,342,2020,7,14.2,2.1,8.2,9.8,0.0,0.0,1.7217391304347824,0.0
342,-114.01,51.12,CALGARY INTL A,3031092,2020-12-08,343,2020,8,12.9,-1.7,5.6,12.4,0.0,0.0,1.7217391304347824,0.0
343,-114.01,51.12,CALGARY INTL A,3031092,2020-12-09,344,2020,9,2.7,-9.4,-3.4,21.4,0.0,0.0,5.5,7.1
344,-114.01,51.12,CALGARY INTL A,3031092,2020-12-10,345,2020,10,-0.8,-10.8,-5.8,23.8,0.0,0.0,0.0,0.0
345,-114.01,51.12,CALGARY INTL A,3031092,2020-12-11,346,2020,11,-7.2,-11.9,-9.6,27.6,0.0,0.0,0.2,0.2
346,-114.01,51.12,CALGARY INTL A,3031092,2020-12-12,347,2020,12,-4.7,-13.5,-9.1,27.1,0.0,0.0,0.0,0.0
347,-114.01,51.12,CALGARY INTL A,3031092,2020-12-13,348,2020,13,-14.0,-17.3,-15.7,33.7,0.0,0.0,0.0,0.0
348,-114.01,51.12,CALGARY INTL A,3031092,2020-12-14,349,2020,14,0.6,-16.7,-8.1,26.1,0.0,0.0,0.0,0.0
349,-114.01,51.12,CALGARY INTL A,3031092,2020-12-15,350,2020,15,2.7,-7.9,-2.6,20.6,0.0,0.0,0.0,0.0
350,-114.01,51.12,CALGARY INTL A,3031092,2020-12-16,351,2020,16,5.5,-4.0,0.8,17.2,0.0,0.0,0.0,0.0
351,-114.01,51.12,CALGARY INTL A,3031092,2020-12-17,352,2020,17,5.3,-8.2,-1.5,19.5,0.0,0.0,0.0,0.0
352,-114.01,51.12,CALGARY INTL A,3031092,2020-12-18,353,2020,18,5.8,-11.2,-2.7,20.7,0.0,0.0,0.0,0.0
353,-114.01,51.12,CALGARY INTL A,3031092,2020-12-19,354,2020,19,5.8,-4.0,0.9,17.1,0.0,0.0,0.0,0.0
354,-114.01,51.12,CALGARY INTL A,3031092,2020-12-20,355,2020,20,7.0,-3.1,2.0,16.0,0.0,0.0,0.0,0.0
355,-114.01,51.12,CALGARY INTL A,3031092,2020-12-21,356,2020,21,2.8,-3.3,-0.3,18.3,0.0,0.0,12.0,11.8
356,-114.01,51.12,CALGARY INTL A,3031092,2020-12-22,357,2020,22,-3.3,-17.6,-10.5,28.5,0.0,0.0,15.2,14.0
357,-114.01,51.12,CALGARY INTL A,3031092,2020-12-23,358,2020,23,5.7,-18.6,-6.5,24.5,0.0,0.0,0.0,0.0
358,-114.01,51.12,CALGARY INTL A,3031092,2020-12-24,359,2020,24,8.4,0.5,4.5,13.5,0.0,0.0,0.0,0.0
359,-114.01,51.12,CALGARY INTL A,3031092,2020-12-25,360,2020,25,5.2,-7.0,-0.9,18.9,0.0,0.0,0.0,0.0
360,-114.01,51.12,CALGARY INTL A,3031092,2020-12-26,361,2020,26,-3.4,-8.4,-5.9,23.9,0.0,0.0,3.3,1.8
361,-114.01,51.12,CALGARY INTL A,3031092,2020-12-27,362,2020,27,-7.5,-13.7,-10.6,28.6,0.0,0.0,3.4,2.6
362,-114.01,51.12,CALGARY INTL A,3031092,2020-12-28,363,2020,28,-1.5,-13.5,-7.5,25.5,0.0,0.0,0.0,0.0
363,-114.01,51.12,CALGARY INTL A,3031092,2020-12-29,364,2020,29,-4.9,-14.7,-9.8,27.8,0.0,0.0,0.0,0.0
364,-114.01,51.12,CALGARY INTL A,3031092,2020-12-30,365,2020,30,1.3,-7.6,-3.2,21.2,0.0,0.0,0.0,0.0
365,-114.01,51.12,CALGARY INTL A,3031092,2020-12-31,366,2020,31,-0.6,-9.7,-5.2,23.2,0.0,0.0,0.0,0.0
